{
    "quest": {
        "oldWndSize": {
            "left": 1598,
            "top": 825,
            "width": 322,
            "height": 215
        },
        "oldCoords": [
            [
                1646,
                935
            ],
            [
                1725,
                940
            ],
            [
                1786,
                949
            ],
            [
                1824,
                945
            ],
            [
                1886,
                955
            ],
            [
                1634,
                989
            ],
            [
                1694,
                1002
            ],
            [
                1744,
                995
            ],
            [
                1804,
                1000
            ],
            [
                1852,
                1005
            ],
            [
                1882,
                1028
            ],
            [
                1899,
                985
            ],
            [
                1899,
                985
            ],
            [
                1869,
                1012
            ],
            [
                1901,
                952
            ],
            [
                1819,
                924
            ],
            [
                1777,
                997
            ],
            [
                1899,
                872
            ],
            [
                1905,
                985
            ],
            [
                1905,
                933
            ],
            [
                1878,
                870
            ]
        ],
        "coords": [
            [
                0.14906832298136646,
                0.5116279069767442
            ],
            [
                0.3944099378881988,
                0.5348837209302325
            ],
            [
                0.5838509316770186,
                0.5767441860465117
            ],
            [
                0.7018633540372671,
                0.5581395348837209
            ],
            [
                0.8944099378881988,
                0.6046511627906976
            ],
            [
                0.11180124223602485,
                0.7627906976744186
            ],
            [
                0.2981366459627329,
                0.8232558139534883
            ],
            [
                0.453416149068323,
                0.7906976744186046
            ],
            [
                0.639751552795031,
                0.813953488372093
            ],
            [
                0.7888198757763976,
                0.8372093023255814
            ],
            [
                0.8819875776397516,
                0.9441860465116279
            ],
            [
                0.9347826086956522,
                0.7441860465116279
            ],
            [
                0.9347826086956522,
                0.7441860465116279
            ],
            [
                0.8416149068322981,
                0.8697674418604651
            ],
            [
                0.9409937888198758,
                0.5906976744186047
            ],
            [
                0.6863354037267081,
                0.4604651162790698
            ],
            [
                0.5559006211180124,
                0.8
            ],
            [
                0.9347826086956522,
                0.2186046511627907
            ],
            [
                0.953416149068323,
                0.7441860465116279
            ],
            [
                0.953416149068323,
                0.5023255813953489
            ],
            [
                0.8695652173913043,
                0.20930232558139536
            ]
        ]
    },
    "fishing": {
        "oldWndSize": {
            "left": 1471,
            "top": 865,
            "width": 322,
            "height": 215
        },
        "oldCoords": [
            [
                1754,
                1034
            ]
        ],
        "coords": [
            [
                0.8788819875776398,
                0.786046511627907
            ]
        ]
    }
}